codon 	 probability
AAA 	 0.024850602740666965
AAC 	 0.022458529381461003
AAG 	 0.013917986056255795
AAT 	 0.01248068138887935
ACA 	 0.0028291032730020263
ACC 	 0.03187828416389051
ACG 	 0.012591441425971081
ACT 	 0.004928392348112786
AGA 	 0.0016193289143799155
AGC 	 0.021648864924271045
AGG 	 0.0015609437785486142
AGT 	 0.0045102517429680255
ATA 	 0.003214616890476354
ATC 	 0.032657038843287425
ATG 	 0.026936154136758594
ATT 	 0.02069581344231892
CAA 	 0.006783837620633994
CAC 	 0.011396263351306796
CAG 	 0.038055946697805404
CAT 	 0.011588590857574613
CCA 	 0.004117010681045437
CCC 	 0.007422639695023526
CCG 	 0.030355119002644503
CCT 	 0.004729196002335405
CGA 	 0.002465913383933784
CGC 	 0.030616993508946665
CGG 	 0.00952708039976646
CGT 	 0.013098876944740186
CTA 	 0.0029639042483772366
CTC 	 0.0151483669334066
CTG 	 0.07076450183741458
CTT 	 0.007787546793969159
GAA 	 0.027519146890132913
GAC 	 0.023979118727890922
GAG 	 0.02673008895147165
GAT 	 0.026989387642957722
GCA 	 0.007693100250712642
GCC 	 0.04277312223099907
GCG 	 0.04271731290998386
GCT 	 0.009906583782669919
GGA 	 0.005788714496685785
GGC 	 0.04286327574956211
GGG 	 0.014225366624308823
GGT 	 0.013150393241061922
GTA 	 0.006782120410756602
GTC 	 0.021187794072191502
GTG 	 0.03248102483085483
GTT 	 0.010276642511247725
TAC 	 0.013589998969674074
TAT 	 0.014889068241920527
TCA 	 0.0041144348662293505
TCC 	 0.011281210289521585
TCG 	 0.011709654153930693
TCT 	 0.004734347631967579
TGC 	 0.007784112374214377
TGG 	 0.01576570388432874
TGT 	 0.0029484493594807157
TTA 	 0.006234330459868805
TTC 	 0.02023645980011677
TTG 	 0.007047429336813545
TTT 	 0.019001785898272488
